{
	"format_version": "1.9.0",
	"credit": "Made with Blockbench",
	"ambientocclusion": false,
	"textures": {
		"0": "bfs_lr:block/or_gate_00",
		"4": "minecraft:block/redstone_torch",
		"5": "minecraft:block/redstone_torch_off",
		"6": "minecraft:block/smooth_stone",
		"particle": "bfs_lr:block/or_gate_00"
	},
	"elements": [
		{
			"from": [0, 0, 0],
			"to": [16, 2, 16],
			"rotation": {"angle": 0, "axis": "y", "origin": [8, 1, 8]},
			"faces": {
				"north": {"uv": [0, 14, 16, 16], "texture": "#6"},
				"east": {"uv": [0, 14, 16, 16], "texture": "#6"},
				"south": {"uv": [0, 14, 16, 16], "texture": "#6"},
				"west": {"uv": [0, 14, 16, 16], "texture": "#6"},
				"up": {"uv": [0, 0, 16, 16], "texture": "#0"},
				"down": {"uv": [0, 0, 16, 16], "texture": "#6"}
			}
		},
		{
			"from": [5, 2, 11],
			"to": [7, 6, 13],
			"rotation": {"angle": 0, "axis": "y", "origin": [6, 4.5, 12]},
			"faces": {
				"north": {"uv": [7, 6, 9, 10], "texture": "#4"},
				"east": {"uv": [7, 6, 9, 10], "texture": "#4"},
				"south": {"uv": [7, 6, 9, 10], "texture": "#4"},
				"west": {"uv": [7, 6, 9, 10], "texture": "#4"},
				"up": {"uv": [7, 6, 9, 8], "texture": "#4"},
				"down": {"uv": [0, 0, 2, 2], "texture": "#4"}
			}
		},
		{
			"from": [5, 3, 10],
			"to": [5, 7, 14],
			"rotation": {"angle": 0, "axis": "y", "origin": [6, 4.5, 12]},
			"faces": {
				"north": {"uv": [2, 0, 2, 4], "texture": "#4"},
				"east": {"uv": [0, 0, 4, 4], "texture": "#4"},
				"south": {"uv": [0, 0, 0, 4], "texture": "#4"},
				"west": {"uv": [6, 5, 10, 9], "texture": "#4"},
				"up": {"uv": [0, 0, 0, 4], "texture": "#4"},
				"down": {"uv": [0, 0, 0, 4], "texture": "#4"}
			}
		},
		{
			"from": [7, 3, 10],
			"to": [7, 7, 14],
			"rotation": {"angle": 0, "axis": "y", "origin": [6, 4.5, 12]},
			"faces": {
				"north": {"uv": [2, 0, 2, 4], "texture": "#4"},
				"east": {"uv": [6, 5, 10, 9], "texture": "#4"},
				"south": {"uv": [0, 0, 0, 4], "texture": "#4"},
				"west": {"uv": [0, 0, 4, 4], "texture": "#4"},
				"up": {"uv": [0, 0, 0, 4], "texture": "#4"},
				"down": {"uv": [0, 0, 0, 4], "texture": "#4"}
			}
		},
		{
			"from": [4, 3, 13],
			"to": [8, 7, 13],
			"rotation": {"angle": 0, "axis": "y", "origin": [6, 4.5, 12]},
			"faces": {
				"north": {"uv": [0, 0, 4, 4], "texture": "#4"},
				"east": {"uv": [0, 0, 0, 4], "texture": "#4"},
				"south": {"uv": [6, 5, 10, 9], "texture": "#4"},
				"west": {"uv": [4, 0, 4, 4], "texture": "#4"},
				"up": {"uv": [0, 4, 4, 4], "texture": "#4"},
				"down": {"uv": [0, 0, 4, 0], "texture": "#4"}
			}
		},
		{
			"from": [4, 3, 11],
			"to": [8, 7, 11],
			"rotation": {"angle": 0, "axis": "y", "origin": [6, 4.5, 12]},
			"faces": {
				"north": {"uv": [6, 5, 10, 9], "texture": "#4"},
				"east": {"uv": [0, 0, 0, 4], "texture": "#4"},
				"south": {"uv": [0, 0, 4, 4], "texture": "#4"},
				"west": {"uv": [4, 0, 4, 4], "texture": "#4"},
				"up": {"uv": [0, 4, 4, 4], "texture": "#4"},
				"down": {"uv": [0, 0, 4, 0], "texture": "#4"}
			}
		},
		{
			"from": [9, 2, 11],
			"to": [11, 6, 13],
			"rotation": {"angle": 0, "axis": "y", "origin": [10, 4.5, 12]},
			"faces": {
				"north": {"uv": [7, 6, 9, 10], "texture": "#4"},
				"east": {"uv": [7, 6, 9, 10], "texture": "#4"},
				"south": {"uv": [7, 6, 9, 10], "texture": "#4"},
				"west": {"uv": [7, 6, 9, 10], "texture": "#4"},
				"up": {"uv": [7, 6, 9, 8], "texture": "#4"},
				"down": {"uv": [0, 0, 2, 2], "texture": "#4"}
			}
		},
		{
			"from": [9, 3, 10],
			"to": [9, 7, 14],
			"rotation": {"angle": 0, "axis": "y", "origin": [10, 4.5, 12]},
			"faces": {
				"north": {"uv": [2, 0, 2, 4], "texture": "#4"},
				"east": {"uv": [0, 0, 4, 4], "texture": "#4"},
				"south": {"uv": [0, 0, 0, 4], "texture": "#4"},
				"west": {"uv": [6, 5, 10, 9], "texture": "#4"},
				"up": {"uv": [0, 0, 0, 4], "texture": "#4"},
				"down": {"uv": [0, 0, 0, 4], "texture": "#4"}
			}
		},
		{
			"from": [11, 3, 10],
			"to": [11, 7, 14],
			"rotation": {"angle": 0, "axis": "y", "origin": [10, 4.5, 12]},
			"faces": {
				"north": {"uv": [2, 0, 2, 4], "texture": "#4"},
				"east": {"uv": [6, 5, 10, 9], "texture": "#4"},
				"south": {"uv": [0, 0, 0, 4], "texture": "#4"},
				"west": {"uv": [0, 0, 4, 4], "texture": "#4"},
				"up": {"uv": [0, 0, 0, 4], "texture": "#4"},
				"down": {"uv": [0, 0, 0, 4], "texture": "#4"}
			}
		},
		{
			"from": [8, 3, 13],
			"to": [12, 7, 13],
			"rotation": {"angle": 0, "axis": "y", "origin": [10, 4.5, 12]},
			"faces": {
				"north": {"uv": [0, 0, 4, 4], "texture": "#4"},
				"east": {"uv": [0, 0, 0, 4], "texture": "#4"},
				"south": {"uv": [6, 5, 10, 9], "texture": "#4"},
				"west": {"uv": [4, 0, 4, 4], "texture": "#4"},
				"up": {"uv": [0, 4, 4, 4], "texture": "#4"},
				"down": {"uv": [0, 0, 4, 0], "texture": "#4"}
			}
		},
		{
			"from": [8, 3, 11],
			"to": [12, 7, 11],
			"rotation": {"angle": 0, "axis": "y", "origin": [10, 4.5, 12]},
			"faces": {
				"north": {"uv": [6, 5, 10, 9], "texture": "#4"},
				"east": {"uv": [0, 0, 0, 4], "texture": "#4"},
				"south": {"uv": [0, 0, 4, 4], "texture": "#4"},
				"west": {"uv": [4, 0, 4, 4], "texture": "#4"},
				"up": {"uv": [0, 4, 4, 4], "texture": "#4"},
				"down": {"uv": [0, 0, 4, 0], "texture": "#4"}
			}
		},
		{
			"from": [4, 2, 4],
			"to": [6, 6, 6],
			"rotation": {"angle": 0, "axis": "y", "origin": [5, 4.5, 5]},
			"faces": {
				"north": {"uv": [7, 6, 9, 10], "texture": "#5"},
				"east": {"uv": [7, 6, 9, 10], "texture": "#5"},
				"south": {"uv": [7, 6, 9, 10], "texture": "#5"},
				"west": {"uv": [7, 6, 9, 10], "texture": "#5"},
				"up": {"uv": [7, 6, 9, 8], "texture": "#5"},
				"down": {"uv": [0, 0, 2, 2], "texture": "#5"}
			}
		},
		{
			"from": [4, 3, 3],
			"to": [4, 7, 7],
			"rotation": {"angle": 0, "axis": "y", "origin": [5, 4.5, 5]},
			"faces": {
				"north": {"uv": [2, 0, 2, 4], "texture": "#5"},
				"east": {"uv": [0, 0, 4, 4], "texture": "#5"},
				"south": {"uv": [0, 0, 0, 4], "texture": "#5"},
				"west": {"uv": [6, 5, 10, 9], "texture": "#5"},
				"up": {"uv": [0, 0, 0, 4], "texture": "#5"},
				"down": {"uv": [0, 0, 0, 4], "texture": "#5"}
			}
		},
		{
			"from": [6, 3, 3],
			"to": [6, 7, 7],
			"rotation": {"angle": 0, "axis": "y", "origin": [5, 4.5, 5]},
			"faces": {
				"north": {"uv": [2, 0, 2, 4], "texture": "#5"},
				"east": {"uv": [6, 5, 10, 9], "texture": "#5"},
				"south": {"uv": [0, 0, 0, 4], "texture": "#5"},
				"west": {"uv": [0, 0, 4, 4], "texture": "#5"},
				"up": {"uv": [0, 0, 0, 4], "texture": "#5"},
				"down": {"uv": [0, 0, 0, 4], "texture": "#5"}
			}
		},
		{
			"from": [3, 3, 6],
			"to": [7, 7, 6],
			"rotation": {"angle": 0, "axis": "y", "origin": [5, 4.5, 5]},
			"faces": {
				"north": {"uv": [0, 0, 4, 4], "texture": "#5"},
				"east": {"uv": [0, 0, 0, 4], "texture": "#5"},
				"south": {"uv": [6, 5, 10, 9], "texture": "#5"},
				"west": {"uv": [4, 0, 4, 4], "texture": "#5"},
				"up": {"uv": [0, 4, 4, 4], "texture": "#5"},
				"down": {"uv": [0, 0, 4, 0], "texture": "#5"}
			}
		},
		{
			"from": [3, 3, 4],
			"to": [7, 7, 4],
			"rotation": {"angle": 0, "axis": "y", "origin": [5, 4.5, 5]},
			"faces": {
				"north": {"uv": [6, 5, 10, 9], "texture": "#5"},
				"east": {"uv": [0, 0, 0, 4], "texture": "#5"},
				"south": {"uv": [0, 0, 4, 4], "texture": "#5"},
				"west": {"uv": [4, 0, 4, 4], "texture": "#5"},
				"up": {"uv": [0, 4, 4, 4], "texture": "#5"},
				"down": {"uv": [0, 0, 4, 0], "texture": "#5"}
			}
		},
		{
			"from": [10, 2, 4],
			"to": [12, 6, 6],
			"rotation": {"angle": 0, "axis": "y", "origin": [11, 4.5, 5]},
			"faces": {
				"north": {"uv": [7, 6, 9, 10], "texture": "#5"},
				"east": {"uv": [7, 6, 9, 10], "texture": "#5"},
				"south": {"uv": [7, 6, 9, 10], "texture": "#5"},
				"west": {"uv": [7, 6, 9, 10], "texture": "#5"},
				"up": {"uv": [7, 6, 9, 8], "texture": "#5"},
				"down": {"uv": [0, 0, 2, 2], "texture": "#5"}
			}
		},
		{
			"from": [10, 3, 3],
			"to": [10, 7, 7],
			"rotation": {"angle": 0, "axis": "y", "origin": [11, 4.5, 5]},
			"faces": {
				"north": {"uv": [2, 0, 2, 4], "texture": "#5"},
				"east": {"uv": [0, 0, 4, 4], "texture": "#5"},
				"south": {"uv": [0, 0, 0, 4], "texture": "#5"},
				"west": {"uv": [6, 5, 10, 9], "texture": "#5"},
				"up": {"uv": [0, 0, 0, 4], "texture": "#5"},
				"down": {"uv": [0, 0, 0, 4], "texture": "#5"}
			}
		},
		{
			"from": [12, 3, 3],
			"to": [12, 7, 7],
			"rotation": {"angle": 0, "axis": "y", "origin": [11, 4.5, 5]},
			"faces": {
				"north": {"uv": [2, 0, 2, 4], "texture": "#5"},
				"east": {"uv": [6, 5, 10, 9], "texture": "#5"},
				"south": {"uv": [0, 0, 0, 4], "texture": "#5"},
				"west": {"uv": [0, 0, 4, 4], "texture": "#5"},
				"up": {"uv": [0, 0, 0, 4], "texture": "#5"},
				"down": {"uv": [0, 0, 0, 4], "texture": "#5"}
			}
		},
		{
			"from": [9, 3, 6],
			"to": [13, 7, 6],
			"rotation": {"angle": 0, "axis": "y", "origin": [11, 4.5, 5]},
			"faces": {
				"north": {"uv": [0, 0, 4, 4], "texture": "#5"},
				"east": {"uv": [0, 0, 0, 4], "texture": "#5"},
				"south": {"uv": [6, 5, 10, 9], "texture": "#5"},
				"west": {"uv": [4, 0, 4, 4], "texture": "#5"},
				"up": {"uv": [0, 4, 4, 4], "texture": "#5"},
				"down": {"uv": [0, 0, 4, 0], "texture": "#5"}
			}
		},
		{
			"from": [9, 3, 4],
			"to": [13, 7, 4],
			"rotation": {"angle": 0, "axis": "y", "origin": [11, 4.5, 5]},
			"faces": {
				"north": {"uv": [6, 5, 10, 9], "texture": "#5"},
				"east": {"uv": [0, 0, 0, 4], "texture": "#5"},
				"south": {"uv": [0, 0, 4, 4], "texture": "#5"},
				"west": {"uv": [4, 0, 4, 4], "texture": "#5"},
				"up": {"uv": [0, 4, 4, 4], "texture": "#5"},
				"down": {"uv": [0, 0, 4, 0], "texture": "#5"}
			}
		}
	],
	"groups": [
		{
			"name": "base",
			"origin": [0, 0, 0],
			"color": 0,
			"children": [0]
		},
		{
			"name": "in_torch_left",
			"origin": [0, 0, 0],
			"color": 0,
			"children": [1, 2, 3, 4, 5]
		},
		{
			"name": "in_torch_right",
			"origin": [0, 0, 0],
			"color": 0,
			"children": [6, 7, 8, 9, 10]
		},
		{
			"name": "out_torch_left",
			"origin": [0, 0, 0],
			"color": 0,
			"children": [11, 12, 13, 14, 15]
		},
		{
			"name": "out_torch_right",
			"origin": [0, 0, 0],
			"color": 0,
			"children": [16, 17, 18, 19, 20]
		}
	]
}